project,bug_id,owner,prompt_utf8_bytes,prompt_sha256,target_count,adapter_eligibility_verified
Math,1,champ,99439,ae85ae25584b5fa06a5eb23c0305d8ffdbb648f1e2378f96ef22f06cb978ca70,0,False
Lang,1,aom,81899,024c674aacc6dc3fb8d92a773d818c020dda05aef51c694010704354d05d094b,0,False
Closure,176,beam,80164,37886775436056be0cfbe0c072530ecb9f54c9adfc797b2e039de652acfb5065,0,False
Chart,1,champ,76797,b92b0bc8b52e1b89ca75fd6f4f2e7a2db65052bb5d099aaf5af2ffc599e5068a,0,False
Time,1,champ,74088,fcbbfc4e0c104c1e26f1ee01f44c6f57a8f1dd6b713b13173eb899898cf939fa,0,False
Collections,1,aom,67768,bfd4d77d7135b7c71beb9fce71e4f6f771360f3ffcbb7a13a46eb5685affdf6a,0,False
JxPath,1,beam,61428,9fadbefadb6eeb78bbabd38a6c1c624b4f48b38a5b3de883721cd18e6a20ed5a,0,False
Closure,1,aom,55231,9bb375851774cdfff63ffe149ff6dbb52affadb2c46392f10fc59b27eda74a82,0,False
Codec,1,aom,49204,fc21fe70f9f5e4d17da7af6daf96306fc2233c9d03ffca214d0436df9d6e946b,0,False
JxPath,22,beam,44453,0bc1cb0396a2bbe5c0da10d0429cfddf5c356334cd724c4c2fcc77221a06bc1a,0,False
JacksonCore,1,champ,41384,c5285e8d8e0adf028a487d0cc69454ccb0ab630afe2c52ed3ca349b997ca66dd,0,False
JacksonXml,1,beam,39969,6e344924369339e0b708d03eca51e899e815c3ca45445a9530c949e475b36d1f,0,False
JacksonDatabind,1,aom,32537,757ee7c37f49239f866e90c6613b50a79916bf19fdfddda7ea6da832aa0dc8be,0,False
Compress,1,champ,22425,eb083031133734f2a64f998d4fed489ffdea0e22dbb399ab9bb00e8991b7f6d1,0,False
JacksonDatabind,112,champ,20323,6c331d19d787616f040eeead16647b58f24d39da050738593ef9a8ca2ba81827,0,False
Cli,1,aom,19264,a58048a3ccd33764d17100e43dc8692769cd25335db19339c1e5eab749931977,0,False
Mockito,1,beam,12251,37ded9952c6f1524a9673e875b71fb747d90f0061f0268be2481e6750e945584,0,False
Jsoup,1,beam,10922,19a346c4f0f64905d0e427bf3d4303cc5a23900adafe73771cfd0bd72dd09888,0,False
Csv,1,aom,10005,569864231cd70dd8943eed0dedcca71bc4e7896a038c5595559316f9655e8a5a,0,False
Gson,1,champ,8340,eaaf5814d7df046ff3626f57305a8503d6a501b77fe85df074b3a66729704ffc,0,False
