convertToMap_empty	convertToMap	empty	()V	{"value":null,"exception_class":null,"pre_map":[],"post_map":[],"source_unchanged":true,"distinct_result":null,"independent_result":null,"storage_before":"flat","storage_after":"delegate","flat_slots_cleared":true}
convertToMap_one	convertToMap	one	()V	{"value":null,"exception_class":null,"pre_map":[["k0","v0"]],"post_map":[["k0","v0"]],"source_unchanged":true,"distinct_result":null,"independent_result":null,"storage_before":"flat","storage_after":"delegate","flat_slots_cleared":true}
convertToMap_three	convertToMap	three	()V	{"value":null,"exception_class":null,"pre_map":[[null,"v0"],["k1",null],["k2","v2"]],"post_map":[[null,"v0"],["k1",null],["k2","v2"]],"source_unchanged":true,"distinct_result":null,"independent_result":null,"storage_before":"flat","storage_after":"delegate","flat_slots_cleared":true}
createDelegateMap_empty	createDelegateMap	empty	()Lorg/apache/commons/collections/map/AbstractHashedMap;	{"value":[],"exception_class":null,"pre_map":[],"post_map":[],"source_unchanged":true,"distinct_result":true,"independent_result":true,"storage_before":"flat","storage_after":"flat","flat_slots_cleared":null}
createDelegateMap_one	createDelegateMap	one	()Lorg/apache/commons/collections/map/AbstractHashedMap;	{"value":[],"exception_class":null,"pre_map":[["k0","v0"]],"post_map":[["k0","v0"]],"source_unchanged":true,"distinct_result":true,"independent_result":true,"storage_before":"flat","storage_after":"flat","flat_slots_cleared":null}
createDelegateMap_three	createDelegateMap	three	()Lorg/apache/commons/collections/map/AbstractHashedMap;	{"value":[],"exception_class":null,"pre_map":[[null,"v0"],["k1",null],["k2","v2"]],"post_map":[[null,"v0"],["k1",null],["k2","v2"]],"source_unchanged":true,"distinct_result":true,"independent_result":true,"storage_before":"flat","storage_after":"flat","flat_slots_cleared":null}
createDelegateMap_four	createDelegateMap	four	()Lorg/apache/commons/collections/map/AbstractHashedMap;	{"value":[],"exception_class":null,"pre_map":[[null,"v0"],["k1",null],["k2","v2"],["k3","v3"]],"post_map":[[null,"v0"],["k1",null],["k2","v2"],["k3","v3"]],"source_unchanged":true,"distinct_result":true,"independent_result":true,"storage_before":"delegate","storage_after":"delegate","flat_slots_cleared":null}
entrySet_empty	entrySet	empty	()Ljava/util/Set;	{"value":[],"exception_class":null,"pre_map":[],"post_map":[],"source_unchanged":true,"distinct_result":null,"independent_result":null,"storage_before":"flat","storage_after":"flat","flat_slots_cleared":null}
entrySet_one	entrySet	one	()Ljava/util/Set;	{"value":[["k0","v0"]],"exception_class":null,"pre_map":[["k0","v0"]],"post_map":[],"source_unchanged":false,"distinct_result":null,"independent_result":null,"storage_before":"flat","storage_after":"flat","flat_slots_cleared":null}
entrySet_three	entrySet	three	()Ljava/util/Set;	{"value":[[null,"v0"],["k1",null],["k2","v2"]],"exception_class":null,"pre_map":[[null,"v0"],["k1",null],["k2","v2"]],"post_map":[],"source_unchanged":false,"distinct_result":null,"independent_result":null,"storage_before":"flat","storage_after":"flat","flat_slots_cleared":null}
entrySet_four	entrySet	four	()Ljava/util/Set;	{"value":[[null,"v0"],["k1",null],["k2","v2"],["k3","v3"]],"exception_class":null,"pre_map":[[null,"v0"],["k1",null],["k2","v2"],["k3","v3"]],"post_map":[],"source_unchanged":false,"distinct_result":null,"independent_result":null,"storage_before":"delegate","storage_after":"delegate","flat_slots_cleared":null}
hashCode_empty	hashCode	empty	()I	{"value":0,"exception_class":null,"pre_map":[],"post_map":[],"source_unchanged":true,"distinct_result":null,"independent_result":null,"storage_before":"flat","storage_after":"flat","flat_slots_cleared":null}
hashCode_one	hashCode	one	()I	{"value":863,"exception_class":null,"pre_map":[["k0","v0"]],"post_map":[["k0","v0"]],"source_unchanged":true,"distinct_result":null,"independent_result":null,"storage_before":"flat","storage_after":"flat","flat_slots_cleared":null}
hashCode_three	hashCode	three	()I	{"value":7931,"exception_class":null,"pre_map":[[null,"v0"],["k1",null],["k2","v2"]],"post_map":[[null,"v0"],["k1",null],["k2","v2"]],"source_unchanged":true,"distinct_result":null,"independent_result":null,"storage_before":"flat","storage_after":"flat","flat_slots_cleared":null}
hashCode_four	hashCode	four	()I	{"value":8784,"exception_class":null,"pre_map":[[null,"v0"],["k1",null],["k2","v2"],["k3","v3"]],"post_map":[[null,"v0"],["k1",null],["k2","v2"],["k3","v3"]],"source_unchanged":true,"distinct_result":null,"independent_result":null,"storage_before":"delegate","storage_after":"delegate","flat_slots_cleared":null}
keySet_empty	keySet	empty	()Ljava/util/Set;	{"value":[],"exception_class":null,"pre_map":[],"post_map":[],"source_unchanged":true,"distinct_result":null,"independent_result":null,"storage_before":"flat","storage_after":"flat","flat_slots_cleared":null}
keySet_one	keySet	one	()Ljava/util/Set;	{"value":["k0"],"exception_class":null,"pre_map":[["k0","v0"]],"post_map":[],"source_unchanged":false,"distinct_result":null,"independent_result":null,"storage_before":"flat","storage_after":"flat","flat_slots_cleared":null}
keySet_three	keySet	three	()Ljava/util/Set;	{"value":[null,"k1","k2"],"exception_class":null,"pre_map":[[null,"v0"],["k1",null],["k2","v2"]],"post_map":[],"source_unchanged":false,"distinct_result":null,"independent_result":null,"storage_before":"flat","storage_after":"flat","flat_slots_cleared":null}
keySet_four	keySet	four	()Ljava/util/Set;	{"value":[null,"k1","k2","k3"],"exception_class":null,"pre_map":[[null,"v0"],["k1",null],["k2","v2"],["k3","v3"]],"post_map":[],"source_unchanged":false,"distinct_result":null,"independent_result":null,"storage_before":"delegate","storage_after":"delegate","flat_slots_cleared":null}
mapIterator_empty	mapIterator	empty	()Lorg/apache/commons/collections/MapIterator;	{"value":[],"exception_class":null,"pre_map":[],"post_map":[],"source_unchanged":true,"distinct_result":null,"independent_result":null,"storage_before":"flat","storage_after":"flat","flat_slots_cleared":null}
mapIterator_one	mapIterator	one	()Lorg/apache/commons/collections/MapIterator;	{"value":[["k0","v0"]],"exception_class":null,"pre_map":[["k0","v0"]],"post_map":[["k0","changed"]],"source_unchanged":false,"distinct_result":null,"independent_result":null,"storage_before":"flat","storage_after":"flat","flat_slots_cleared":null}
mapIterator_three	mapIterator	three	()Lorg/apache/commons/collections/MapIterator;	{"value":[[null,"v0"],["k1",null],["k2","v2"]],"exception_class":null,"pre_map":[[null,"v0"],["k1",null],["k2","v2"]],"post_map":[[null,"changed"],["k1","changed"],["k2","changed"]],"source_unchanged":false,"distinct_result":null,"independent_result":null,"storage_before":"flat","storage_after":"flat","flat_slots_cleared":null}
mapIterator_four	mapIterator	four	()Lorg/apache/commons/collections/MapIterator;	{"value":[[null,"v0"],["k1",null],["k2","v2"],["k3","v3"]],"exception_class":null,"pre_map":[[null,"v0"],["k1",null],["k2","v2"],["k3","v3"]],"post_map":[[null,"changed"],["k1","changed"],["k2","changed"],["k3","changed"]],"source_unchanged":false,"distinct_result":null,"independent_result":null,"storage_before":"delegate","storage_after":"delegate","flat_slots_cleared":null}
readObject_empty	readObject	empty	(Ljava/io/ObjectInputStream;)V	{"value":[],"exception_class":null,"pre_map":[],"post_map":[],"source_unchanged":true,"distinct_result":true,"independent_result":true,"storage_before":"absent","storage_after":"flat","flat_slots_cleared":null}
readObject_one	readObject	one	(Ljava/io/ObjectInputStream;)V	{"value":[["k0","v0"]],"exception_class":null,"pre_map":[["k0","v0"]],"post_map":[["k0","v0"]],"source_unchanged":true,"distinct_result":true,"independent_result":true,"storage_before":"absent","storage_after":"flat","flat_slots_cleared":null}
readObject_three	readObject	three	(Ljava/io/ObjectInputStream;)V	{"value":[[null,"v0"],["k1",null],["k2","v2"]],"exception_class":null,"pre_map":[[null,"v0"],["k1",null],["k2","v2"]],"post_map":[[null,"v0"],["k1",null],["k2","v2"]],"source_unchanged":true,"distinct_result":true,"independent_result":true,"storage_before":"absent","storage_after":"flat","flat_slots_cleared":null}
readObject_four	readObject	four	(Ljava/io/ObjectInputStream;)V	{"value":[[null,"v0"],["k1",null],["k2","v2"],["k3","v3"]],"exception_class":null,"pre_map":[[null,"v0"],["k1",null],["k2","v2"],["k3","v3"]],"post_map":[[null,"v0"],["k1",null],["k2","v2"],["k3","v3"]],"source_unchanged":true,"distinct_result":true,"independent_result":true,"storage_before":"absent","storage_after":"delegate","flat_slots_cleared":null}
values_empty	values	empty	()Ljava/util/Collection;	{"value":[],"exception_class":null,"pre_map":[],"post_map":[],"source_unchanged":true,"distinct_result":null,"independent_result":null,"storage_before":"flat","storage_after":"flat","flat_slots_cleared":null}
values_one	values	one	()Ljava/util/Collection;	{"value":["v0"],"exception_class":null,"pre_map":[["k0","v0"]],"post_map":[],"source_unchanged":false,"distinct_result":null,"independent_result":null,"storage_before":"flat","storage_after":"flat","flat_slots_cleared":null}
values_three	values	three	()Ljava/util/Collection;	{"value":[null,"v0","v2"],"exception_class":null,"pre_map":[[null,"v0"],["k1",null],["k2","v2"]],"post_map":[],"source_unchanged":false,"distinct_result":null,"independent_result":null,"storage_before":"flat","storage_after":"flat","flat_slots_cleared":null}
values_four	values	four	()Ljava/util/Collection;	{"value":[null,"v0","v2","v3"],"exception_class":null,"pre_map":[[null,"v0"],["k1",null],["k2","v2"],["k3","v3"]],"post_map":[],"source_unchanged":false,"distinct_result":null,"independent_result":null,"storage_before":"delegate","storage_after":"delegate","flat_slots_cleared":null}
writeObject_empty	writeObject	empty	(Ljava/io/ObjectOutputStream;)V	{"value":[],"exception_class":null,"pre_map":[],"post_map":[],"source_unchanged":true,"distinct_result":true,"independent_result":true,"storage_before":"flat","storage_after":"flat","flat_slots_cleared":null}
writeObject_one	writeObject	one	(Ljava/io/ObjectOutputStream;)V	{"value":[["k0","v0"]],"exception_class":null,"pre_map":[["k0","v0"]],"post_map":[["k0","v0"]],"source_unchanged":true,"distinct_result":true,"independent_result":true,"storage_before":"flat","storage_after":"flat","flat_slots_cleared":null}
writeObject_three	writeObject	three	(Ljava/io/ObjectOutputStream;)V	{"value":[[null,"v0"],["k1",null],["k2","v2"]],"exception_class":null,"pre_map":[[null,"v0"],["k1",null],["k2","v2"]],"post_map":[[null,"v0"],["k1",null],["k2","v2"]],"source_unchanged":true,"distinct_result":true,"independent_result":true,"storage_before":"flat","storage_after":"flat","flat_slots_cleared":null}
writeObject_four	writeObject	four	(Ljava/io/ObjectOutputStream;)V	{"value":[[null,"v0"],["k1",null],["k2","v2"],["k3","v3"]],"exception_class":null,"pre_map":[[null,"v0"],["k1",null],["k2","v2"],["k3","v3"]],"post_map":[[null,"v0"],["k1",null],["k2","v2"],["k3","v3"]],"source_unchanged":true,"distinct_result":true,"independent_result":true,"storage_before":"delegate","storage_after":"delegate","flat_slots_cleared":null}
constructor_empty	<init>	empty	(Ljava/util/Map;)V	{"value":[],"exception_class":null,"pre_map":[],"post_map":[],"source_unchanged":true,"distinct_result":true,"independent_result":true,"storage_before":"absent","storage_after":"flat","flat_slots_cleared":null}
constructor_one	<init>	one	(Ljava/util/Map;)V	{"value":[["k0","v0"]],"exception_class":null,"pre_map":[["k0","v0"]],"post_map":[["k0","v0"]],"source_unchanged":true,"distinct_result":true,"independent_result":true,"storage_before":"absent","storage_after":"flat","flat_slots_cleared":null}
constructor_three	<init>	three	(Ljava/util/Map;)V	{"value":[[null,"v0"],["k1",null],["k2","v2"]],"exception_class":null,"pre_map":[[null,"v0"],["k1",null],["k2","v2"]],"post_map":[[null,"v0"],["k1",null],["k2","v2"]],"source_unchanged":true,"distinct_result":true,"independent_result":true,"storage_before":"absent","storage_after":"flat","flat_slots_cleared":null}
constructor_four	<init>	four	(Ljava/util/Map;)V	{"value":[[null,"v0"],["k1",null],["k2","v2"],["k3","v3"]],"exception_class":null,"pre_map":[[null,"v0"],["k1",null],["k2","v2"],["k3","v3"]],"post_map":[[null,"v0"],["k1",null],["k2","v2"],["k3","v3"]],"source_unchanged":true,"distinct_result":true,"independent_result":true,"storage_before":"absent","storage_after":"delegate","flat_slots_cleared":null}
constructor_null	<init>	null	(Ljava/util/Map;)V	{"value":null,"exception_class":"java.lang.NullPointerException","pre_map":null,"post_map":null,"source_unchanged":true,"distinct_result":null,"independent_result":null,"storage_before":"absent","storage_after":"absent","flat_slots_cleared":null}
