case_id,input,leading_zeros,suffix_digits,buggy_outcome,fixed_outcome,comparable,different
1,0x000010000000000,4,10,"{""status"": ""value"", ""type"": ""java.lang.Long"", ""value"": ""1099511627776""}","{""status"": ""value"", ""type"": ""java.lang.Long"", ""value"": ""1099511627776""}",True,False
2,0x000000000000000000000001000000000000000,23,15,"{""status"": ""value"", ""type"": ""java.math.BigInteger"", ""value"": ""1152921504606846976""}","{""status"": ""value"", ""type"": ""java.lang.Long"", ""value"": ""1152921504606846976""}",True,True
3,0x0000000000000000001,18,0,"{""status"": ""value"", ""type"": ""java.math.BigInteger"", ""value"": ""1""}","{""status"": ""value"", ""type"": ""java.lang.Integer"", ""value"": ""1""}",True,True
4,0x00000001000,7,3,"{""status"": ""value"", ""type"": ""java.lang.Long"", ""value"": ""4096""}","{""status"": ""value"", ""type"": ""java.lang.Integer"", ""value"": ""4096""}",True,True
5,0x0000000000000001000000000,15,9,"{""status"": ""value"", ""type"": ""java.math.BigInteger"", ""value"": ""68719476736""}","{""status"": ""value"", ""type"": ""java.lang.Long"", ""value"": ""68719476736""}",True,True
6,0x00000000001000000000000000000,10,18,"{""status"": ""value"", ""type"": ""java.math.BigInteger"", ""value"": ""4722366482869645213696""}","{""status"": ""value"", ""type"": ""java.math.BigInteger"", ""value"": ""4722366482869645213696""}",True,False
7,0x00010000000000000000,3,16,"{""status"": ""value"", ""type"": ""java.math.BigInteger"", ""value"": ""18446744073709551616""}","{""status"": ""value"", ""type"": ""java.math.BigInteger"", ""value"": ""18446744073709551616""}",True,False
8,0x00000000000000000000000000000010000000000,30,10,"{""status"": ""value"", ""type"": ""java.math.BigInteger"", ""value"": ""1099511627776""}","{""status"": ""value"", ""type"": ""java.lang.Long"", ""value"": ""1099511627776""}",True,True
9,0x00000000001000000,10,6,"{""status"": ""value"", ""type"": ""java.math.BigInteger"", ""value"": ""16777216""}","{""status"": ""value"", ""type"": ""java.lang.Integer"", ""value"": ""16777216""}",True,True
10,0x0000000000000000000000000000010,29,1,"{""status"": ""value"", ""type"": ""java.math.BigInteger"", ""value"": ""16""}","{""status"": ""value"", ""type"": ""java.lang.Integer"", ""value"": ""16""}",True,True
11,0x0000000000000000010000000000000000000,17,19,"{""status"": ""value"", ""type"": ""java.math.BigInteger"", ""value"": ""75557863725914323419136""}","{""status"": ""value"", ""type"": ""java.math.BigInteger"", ""value"": ""75557863725914323419136""}",True,False
12,0x000000000000000000000000000010000000000000,28,13,"{""status"": ""value"", ""type"": ""java.math.BigInteger"", ""value"": ""4503599627370496""}","{""status"": ""value"", ""type"": ""java.lang.Long"", ""value"": ""4503599627370496""}",True,True
13,0x0000000000000000000000010000,23,4,"{""status"": ""value"", ""type"": ""java.math.BigInteger"", ""value"": ""65536""}","{""status"": ""value"", ""type"": ""java.lang.Integer"", ""value"": ""65536""}",True,True
14,0x100,0,2,"{""status"": ""value"", ""type"": ""java.lang.Integer"", ""value"": ""256""}","{""status"": ""value"", ""type"": ""java.lang.Integer"", ""value"": ""256""}",True,False
15,0x00000000000000000000000000000001000000000000000000,31,18,"{""status"": ""value"", ""type"": ""java.math.BigInteger"", ""value"": ""4722366482869645213696""}","{""status"": ""value"", ""type"": ""java.math.BigInteger"", ""value"": ""4722366482869645213696""}",True,False
16,0x0000000000010000000000000,11,13,"{""status"": ""value"", ""type"": ""java.math.BigInteger"", ""value"": ""4503599627370496""}","{""status"": ""value"", ""type"": ""java.lang.Long"", ""value"": ""4503599627370496""}",True,True
17,0x0000000000000000000000100000000,22,8,"{""status"": ""value"", ""type"": ""java.math.BigInteger"", ""value"": ""4294967296""}","{""status"": ""value"", ""type"": ""java.lang.Long"", ""value"": ""4294967296""}",True,True
18,0x00000000000000000010000000000000,18,13,"{""status"": ""value"", ""type"": ""java.math.BigInteger"", ""value"": ""4503599627370496""}","{""status"": ""value"", ""type"": ""java.lang.Long"", ""value"": ""4503599627370496""}",True,True
19,0x00000010000000000000,6,13,"{""status"": ""value"", ""type"": ""java.math.BigInteger"", ""value"": ""4503599627370496""}","{""status"": ""value"", ""type"": ""java.lang.Long"", ""value"": ""4503599627370496""}",True,True
20,0x000000000000000000000000100000000000000000000,24,20,"{""status"": ""value"", ""type"": ""java.math.BigInteger"", ""value"": ""1208925819614629174706176""}","{""status"": ""value"", ""type"": ""java.math.BigInteger"", ""value"": ""1208925819614629174706176""}",True,False
21,0x1000000000000,0,12,"{""status"": ""value"", ""type"": ""java.lang.Long"", ""value"": ""281474976710656""}","{""status"": ""value"", ""type"": ""java.lang.Long"", ""value"": ""281474976710656""}",True,False
22,0x000001000000000000000000,5,18,"{""status"": ""value"", ""type"": ""java.math.BigInteger"", ""value"": ""4722366482869645213696""}","{""status"": ""value"", ""type"": ""java.math.BigInteger"", ""value"": ""4722366482869645213696""}",True,False
23,0x00000000000000001000000,16,6,"{""status"": ""value"", ""type"": ""java.math.BigInteger"", ""value"": ""16777216""}","{""status"": ""value"", ""type"": ""java.lang.Integer"", ""value"": ""16777216""}",True,True
24,0x000000000000010000,13,4,"{""status"": ""value"", ""type"": ""java.math.BigInteger"", ""value"": ""65536""}","{""status"": ""value"", ""type"": ""java.lang.Integer"", ""value"": ""65536""}",True,True
25,0x00001000000,4,6,"{""status"": ""value"", ""type"": ""java.lang.Long"", ""value"": ""16777216""}","{""status"": ""value"", ""type"": ""java.lang.Integer"", ""value"": ""16777216""}",True,True
26,0x000000000000000000000000000010000000,28,7,"{""status"": ""value"", ""type"": ""java.math.BigInteger"", ""value"": ""268435456""}","{""status"": ""value"", ""type"": ""java.lang.Integer"", ""value"": ""268435456""}",True,True
27,0x0000000001,9,0,"{""status"": ""value"", ""type"": ""java.lang.Long"", ""value"": ""1""}","{""status"": ""value"", ""type"": ""java.lang.Integer"", ""value"": ""1""}",True,True
28,0x000000000100000000,9,8,"{""status"": ""value"", ""type"": ""java.math.BigInteger"", ""value"": ""4294967296""}","{""status"": ""value"", ""type"": ""java.lang.Long"", ""value"": ""4294967296""}",True,True
29,0x000000001000000000000000,8,15,"{""status"": ""value"", ""type"": ""java.math.BigInteger"", ""value"": ""1152921504606846976""}","{""status"": ""value"", ""type"": ""java.lang.Long"", ""value"": ""1152921504606846976""}",True,True
30,0x00000000000000000000000000001000,28,3,"{""status"": ""value"", ""type"": ""java.math.BigInteger"", ""value"": ""4096""}","{""status"": ""value"", ""type"": ""java.lang.Integer"", ""value"": ""4096""}",True,True
