isNextChar_match_first	isNextChar	QUJDQQ==	0	66		-	-	true	-	-	-
isNextChar_match_middle	isNextChar	QUJDQQ==	1	67		-	-	true	-	-	-
isNextChar_mismatch	isNextChar	QUJDQQ==	0	65		-	-	false	-	-	-
isNextChar_negative	isNextChar	QUJDQQ==	-1	65		-	-	false	-	-	-
isNextChar_last	isNextChar	QUJDQQ==	3	65		-	-	false	-	-	-
isNextChar_at_length	isNextChar	QUJDQQ==	4	65		-	-	false	-	-	-
isNextChar_empty	isNextChar		0	65		-	-	false	-	-	-
isNextChar_single	isNextChar	QQ==	0	65		-	-	false	-	-	-
isPreviousChar_match_first	isPreviousChar	QUJDQQ==	1	65		-	-	true	-	-	-
isPreviousChar_match_last	isPreviousChar	QUJDQQ==	3	67		-	-	true	-	-	-
isPreviousChar_mismatch	isPreviousChar	QUJDQQ==	1	67		-	-	false	-	-	-
isPreviousChar_negative	isPreviousChar	QUJDQQ==	-1	65		-	-	false	-	-	-
isPreviousChar_first	isPreviousChar	QUJDQQ==	0	65		-	-	false	-	-	-
isPreviousChar_at_length	isPreviousChar	QUJDQQ==	4	65		-	-	false	-	-	-
isPreviousChar_empty	isPreviousChar		0	65		-	-	false	-	-	-
isPreviousChar_single	isPreviousChar	QQ==	0	65		-	-	false	-	-	-
vowel_A	isVowel	QUVJT1VC	0	65		-	-	true	-	-	-
vowel_E	isVowel	QUVJT1VC	1	65		-	-	true	-	-	-
vowel_I	isVowel	QUVJT1VC	2	65		-	-	true	-	-	-
vowel_O	isVowel	QUVJT1VC	3	65		-	-	true	-	-	-
vowel_U	isVowel	QUVJT1VC	4	65		-	-	true	-	-	-
vowel_B	isVowel	QUVJT1VC	5	65		-	-	false	-	-	-
vowel_empty	isVowel		0	65		-	-	null	java.lang.StringIndexOutOfBoundsException	-	-
vowel_negative	isVowel	QQ==	-1	65		-	-	null	java.lang.StringIndexOutOfBoundsException	-	-
vowel_at_length	isVowel	QQ==	1	65		-	-	null	java.lang.StringIndexOutOfBoundsException	-	-
region_prefix	regionMatch	QUJDQQ==	0	65	QUI=	-	-	true	-	-	-
region_middle	regionMatch	QUJDQQ==	1	65	QkM=	-	-	true	-	-	-
region_last	regionMatch	QUJDQQ==	3	65	QQ==	-	-	true	-	-	-
region_mismatch	regionMatch	QUJDQQ==	1	65	QkE=	-	-	false	-	-	-
region_too_long	regionMatch	QUJDQQ==	3	65	QUI=	-	-	false	-	-	-
region_negative	regionMatch	QUJDQQ==	-1	65	QQ==	-	-	false	-	-	-
region_empty_end	regionMatch	QUJDQQ==	4	65		-	-	true	-	-	-
region_empty_buffer	regionMatch		0	65		-	-	true	-	-	-
region_empty_beyond_end	regionMatch	QUJDQQ==	5	65		-	-	false	-	-	-
difference_equal	difference	-	0	65		QQ==	QQ==	1	-	QQ==	QQ==
difference_case_fold	difference	-	0	65		YQ==	QQ==	1	-	QQ==	QQ==
difference_different	difference	-	0	65		QQ==	RQ==	0	-	QQ==	RQ==
difference_null_left	difference	-	0	65		-	QQ==	0	-		QQ==
difference_empty_both	difference	-	0	65				0	-		
difference_null_both	difference	-	0	65		-	-	0	-		
difference_two_equal	difference	-	0	65		QUI=	QUI=	2	-	QUI=	QUI=
difference_shorter_right	difference	-	0	65		QUI=	QQ==	1	-	QUI=	QQ==
difference_two_mismatch	difference	-	0	65		QUI=	Qg==	0	-	QUI=	Qg==
