case,project,bug_id,scope
Chart-1,Chart,1,planned_active_bug
Chart-2,Chart,2,planned_active_bug
Chart-3,Chart,3,planned_active_bug
Chart-4,Chart,4,planned_active_bug
Chart-5,Chart,5,planned_active_bug
Chart-6,Chart,6,planned_active_bug
Chart-7,Chart,7,planned_active_bug
Chart-8,Chart,8,planned_active_bug
Chart-9,Chart,9,planned_active_bug
Chart-10,Chart,10,planned_active_bug
Chart-11,Chart,11,planned_active_bug
Chart-12,Chart,12,planned_active_bug
Chart-13,Chart,13,planned_active_bug
Chart-14,Chart,14,planned_active_bug
Chart-15,Chart,15,planned_active_bug
Chart-16,Chart,16,planned_active_bug
Chart-17,Chart,17,planned_active_bug
Chart-18,Chart,18,planned_active_bug
Chart-19,Chart,19,planned_active_bug
Chart-20,Chart,20,planned_active_bug
Chart-21,Chart,21,planned_active_bug
Chart-22,Chart,22,planned_active_bug
Chart-23,Chart,23,planned_active_bug
Chart-24,Chart,24,planned_active_bug
Chart-25,Chart,25,planned_active_bug
Chart-26,Chart,26,planned_active_bug
Cli-1,Cli,1,planned_active_bug
Cli-2,Cli,2,planned_active_bug
Cli-3,Cli,3,planned_active_bug
Cli-4,Cli,4,planned_active_bug
Cli-5,Cli,5,planned_active_bug
Cli-7,Cli,7,planned_active_bug
Cli-8,Cli,8,planned_active_bug
Cli-9,Cli,9,planned_active_bug
Cli-10,Cli,10,planned_active_bug
Cli-11,Cli,11,planned_active_bug
Cli-12,Cli,12,planned_active_bug
Cli-13,Cli,13,planned_active_bug
Cli-14,Cli,14,planned_active_bug
Cli-15,Cli,15,planned_active_bug
Cli-16,Cli,16,planned_active_bug
Cli-17,Cli,17,planned_active_bug
Cli-18,Cli,18,planned_active_bug
Cli-19,Cli,19,planned_active_bug
Cli-20,Cli,20,planned_active_bug
Cli-21,Cli,21,planned_active_bug
Cli-22,Cli,22,planned_active_bug
Cli-23,Cli,23,planned_active_bug
Cli-24,Cli,24,planned_active_bug
Cli-25,Cli,25,planned_active_bug
Cli-26,Cli,26,planned_active_bug
Cli-27,Cli,27,planned_active_bug
Cli-28,Cli,28,planned_active_bug
Cli-29,Cli,29,planned_active_bug
Cli-30,Cli,30,planned_active_bug
Cli-31,Cli,31,planned_active_bug
Cli-32,Cli,32,planned_active_bug
Cli-33,Cli,33,planned_active_bug
Cli-34,Cli,34,planned_active_bug
Cli-35,Cli,35,planned_active_bug
Cli-36,Cli,36,planned_active_bug
Cli-37,Cli,37,planned_active_bug
Cli-38,Cli,38,planned_active_bug
Cli-39,Cli,39,planned_active_bug
Cli-40,Cli,40,planned_active_bug
Closure-1,Closure,1,planned_active_bug
Closure-2,Closure,2,planned_active_bug
Closure-3,Closure,3,planned_active_bug
Closure-4,Closure,4,planned_active_bug
Closure-5,Closure,5,planned_active_bug
Closure-6,Closure,6,planned_active_bug
Closure-7,Closure,7,planned_active_bug
Closure-8,Closure,8,planned_active_bug
Closure-9,Closure,9,planned_active_bug
Closure-10,Closure,10,planned_active_bug
Closure-11,Closure,11,planned_active_bug
Closure-12,Closure,12,planned_active_bug
Closure-13,Closure,13,planned_active_bug
Closure-14,Closure,14,planned_active_bug
Closure-15,Closure,15,planned_active_bug
Closure-16,Closure,16,planned_active_bug
Closure-17,Closure,17,planned_active_bug
Closure-18,Closure,18,planned_active_bug
Closure-19,Closure,19,planned_active_bug
Closure-20,Closure,20,planned_active_bug
Closure-21,Closure,21,planned_active_bug
Closure-22,Closure,22,planned_active_bug
Closure-23,Closure,23,planned_active_bug
Closure-24,Closure,24,planned_active_bug
Closure-25,Closure,25,planned_active_bug
Closure-26,Closure,26,planned_active_bug
Closure-27,Closure,27,planned_active_bug
Closure-28,Closure,28,planned_active_bug
Closure-29,Closure,29,planned_active_bug
Closure-30,Closure,30,planned_active_bug
Closure-31,Closure,31,planned_active_bug
Closure-32,Closure,32,planned_active_bug
Closure-33,Closure,33,planned_active_bug
Closure-34,Closure,34,planned_active_bug
Closure-35,Closure,35,planned_active_bug
Closure-36,Closure,36,planned_active_bug
Closure-37,Closure,37,planned_active_bug
Closure-38,Closure,38,planned_active_bug
Closure-39,Closure,39,planned_active_bug
Closure-40,Closure,40,planned_active_bug
Closure-41,Closure,41,planned_active_bug
Closure-42,Closure,42,planned_active_bug
Closure-43,Closure,43,planned_active_bug
Closure-44,Closure,44,planned_active_bug
Closure-45,Closure,45,planned_active_bug
Closure-46,Closure,46,planned_active_bug
Closure-47,Closure,47,planned_active_bug
Closure-48,Closure,48,planned_active_bug
Closure-49,Closure,49,planned_active_bug
Closure-50,Closure,50,planned_active_bug
Closure-51,Closure,51,planned_active_bug
Closure-52,Closure,52,planned_active_bug
Closure-53,Closure,53,planned_active_bug
Closure-54,Closure,54,planned_active_bug
Closure-55,Closure,55,planned_active_bug
Closure-56,Closure,56,planned_active_bug
Closure-57,Closure,57,planned_active_bug
Closure-58,Closure,58,planned_active_bug
Closure-59,Closure,59,planned_active_bug
Closure-60,Closure,60,planned_active_bug
Closure-61,Closure,61,planned_active_bug
Closure-62,Closure,62,planned_active_bug
Closure-64,Closure,64,planned_active_bug
Closure-65,Closure,65,planned_active_bug
Closure-66,Closure,66,planned_active_bug
Closure-67,Closure,67,planned_active_bug
Closure-68,Closure,68,planned_active_bug
Closure-69,Closure,69,planned_active_bug
Closure-70,Closure,70,planned_active_bug
Closure-71,Closure,71,planned_active_bug
Closure-72,Closure,72,planned_active_bug
Closure-73,Closure,73,planned_active_bug
Closure-74,Closure,74,planned_active_bug
Closure-75,Closure,75,planned_active_bug
Closure-76,Closure,76,planned_active_bug
Closure-77,Closure,77,planned_active_bug
Closure-78,Closure,78,planned_active_bug
Closure-79,Closure,79,planned_active_bug
Closure-80,Closure,80,planned_active_bug
Closure-81,Closure,81,planned_active_bug
Closure-82,Closure,82,planned_active_bug
Closure-83,Closure,83,planned_active_bug
Closure-84,Closure,84,planned_active_bug
Closure-85,Closure,85,planned_active_bug
Closure-86,Closure,86,planned_active_bug
Closure-87,Closure,87,planned_active_bug
Closure-88,Closure,88,planned_active_bug
Closure-89,Closure,89,planned_active_bug
Closure-90,Closure,90,planned_active_bug
Closure-91,Closure,91,planned_active_bug
Closure-92,Closure,92,planned_active_bug
Closure-94,Closure,94,planned_active_bug
Closure-95,Closure,95,planned_active_bug
Closure-96,Closure,96,planned_active_bug
Closure-97,Closure,97,planned_active_bug
Closure-98,Closure,98,planned_active_bug
Closure-99,Closure,99,planned_active_bug
Closure-100,Closure,100,planned_active_bug
Closure-101,Closure,101,planned_active_bug
Closure-102,Closure,102,planned_active_bug
Closure-103,Closure,103,planned_active_bug
Closure-104,Closure,104,planned_active_bug
Closure-105,Closure,105,planned_active_bug
Closure-106,Closure,106,planned_active_bug
Closure-107,Closure,107,planned_active_bug
Closure-108,Closure,108,planned_active_bug
Closure-109,Closure,109,planned_active_bug
Closure-110,Closure,110,planned_active_bug
Closure-111,Closure,111,planned_active_bug
Closure-112,Closure,112,planned_active_bug
Closure-113,Closure,113,planned_active_bug
Closure-114,Closure,114,planned_active_bug
Closure-115,Closure,115,planned_active_bug
Closure-116,Closure,116,planned_active_bug
Closure-117,Closure,117,planned_active_bug
Closure-118,Closure,118,planned_active_bug
Closure-119,Closure,119,planned_active_bug
Closure-120,Closure,120,planned_active_bug
Closure-121,Closure,121,planned_active_bug
Closure-122,Closure,122,planned_active_bug
Closure-123,Closure,123,planned_active_bug
Closure-124,Closure,124,planned_active_bug
Closure-125,Closure,125,planned_active_bug
Closure-126,Closure,126,planned_active_bug
Closure-127,Closure,127,planned_active_bug
Closure-128,Closure,128,planned_active_bug
Closure-129,Closure,129,planned_active_bug
Closure-130,Closure,130,planned_active_bug
Closure-131,Closure,131,planned_active_bug
Closure-132,Closure,132,planned_active_bug
Closure-133,Closure,133,planned_active_bug
Closure-134,Closure,134,planned_active_bug
Closure-135,Closure,135,planned_active_bug
Closure-136,Closure,136,planned_active_bug
Closure-137,Closure,137,planned_active_bug
Closure-138,Closure,138,planned_active_bug
Closure-139,Closure,139,planned_active_bug
Closure-140,Closure,140,planned_active_bug
Closure-141,Closure,141,planned_active_bug
Closure-142,Closure,142,planned_active_bug
Closure-143,Closure,143,planned_active_bug
Closure-144,Closure,144,planned_active_bug
Closure-145,Closure,145,planned_active_bug
Closure-146,Closure,146,planned_active_bug
Closure-147,Closure,147,planned_active_bug
Closure-148,Closure,148,planned_active_bug
Closure-149,Closure,149,planned_active_bug
Closure-150,Closure,150,planned_active_bug
Closure-151,Closure,151,planned_active_bug
Closure-152,Closure,152,planned_active_bug
Closure-153,Closure,153,planned_active_bug
Closure-154,Closure,154,planned_active_bug
Closure-155,Closure,155,planned_active_bug
Closure-156,Closure,156,planned_active_bug
Closure-157,Closure,157,planned_active_bug
Closure-158,Closure,158,planned_active_bug
Closure-159,Closure,159,planned_active_bug
Closure-160,Closure,160,planned_active_bug
Closure-161,Closure,161,planned_active_bug
Closure-162,Closure,162,planned_active_bug
Closure-163,Closure,163,planned_active_bug
Closure-164,Closure,164,planned_active_bug
Closure-165,Closure,165,planned_active_bug
Closure-166,Closure,166,planned_active_bug
Closure-167,Closure,167,planned_active_bug
Closure-168,Closure,168,planned_active_bug
Closure-169,Closure,169,planned_active_bug
Closure-170,Closure,170,planned_active_bug
Closure-171,Closure,171,planned_active_bug
Closure-172,Closure,172,planned_active_bug
Closure-173,Closure,173,planned_active_bug
Closure-174,Closure,174,planned_active_bug
Closure-175,Closure,175,planned_active_bug
Closure-176,Closure,176,planned_active_bug
Codec-1,Codec,1,planned_active_bug
Codec-2,Codec,2,planned_active_bug
Codec-3,Codec,3,planned_active_bug
Codec-4,Codec,4,planned_active_bug
Codec-5,Codec,5,planned_active_bug
Codec-6,Codec,6,planned_active_bug
Codec-7,Codec,7,planned_active_bug
Codec-8,Codec,8,planned_active_bug
Codec-9,Codec,9,planned_active_bug
Codec-10,Codec,10,planned_active_bug
Codec-11,Codec,11,planned_active_bug
Codec-12,Codec,12,planned_active_bug
Codec-13,Codec,13,planned_active_bug
Codec-14,Codec,14,planned_active_bug
Codec-15,Codec,15,planned_active_bug
Codec-16,Codec,16,planned_active_bug
Codec-17,Codec,17,planned_active_bug
Codec-18,Codec,18,planned_active_bug
Collections-1,Collections,1,planned_active_bug
Collections-2,Collections,2,planned_active_bug
Collections-3,Collections,3,planned_active_bug
Collections-4,Collections,4,planned_active_bug
Collections-5,Collections,5,planned_active_bug
Collections-6,Collections,6,planned_active_bug
Collections-7,Collections,7,planned_active_bug
Collections-8,Collections,8,planned_active_bug
Collections-9,Collections,9,planned_active_bug
Collections-10,Collections,10,planned_active_bug
Collections-11,Collections,11,planned_active_bug
Collections-12,Collections,12,planned_active_bug
Collections-13,Collections,13,planned_active_bug
Collections-14,Collections,14,planned_active_bug
Collections-15,Collections,15,planned_active_bug
Collections-16,Collections,16,planned_active_bug
Collections-17,Collections,17,planned_active_bug
Collections-18,Collections,18,planned_active_bug
Collections-19,Collections,19,planned_active_bug
Collections-20,Collections,20,planned_active_bug
Collections-21,Collections,21,planned_active_bug
Collections-22,Collections,22,planned_active_bug
Collections-23,Collections,23,planned_active_bug
Collections-24,Collections,24,planned_active_bug
Collections-25,Collections,25,planned_active_bug
Collections-26,Collections,26,planned_active_bug
Collections-27,Collections,27,planned_active_bug
Collections-28,Collections,28,planned_active_bug
Compress-1,Compress,1,planned_active_bug
Compress-2,Compress,2,planned_active_bug
Compress-3,Compress,3,planned_active_bug
Compress-4,Compress,4,planned_active_bug
Compress-5,Compress,5,planned_active_bug
Compress-6,Compress,6,planned_active_bug
Compress-7,Compress,7,planned_active_bug
Compress-8,Compress,8,planned_active_bug
Compress-9,Compress,9,planned_active_bug
Compress-10,Compress,10,planned_active_bug
Compress-11,Compress,11,planned_active_bug
Compress-12,Compress,12,planned_active_bug
Compress-13,Compress,13,planned_active_bug
Compress-14,Compress,14,planned_active_bug
Compress-15,Compress,15,planned_active_bug
Compress-16,Compress,16,planned_active_bug
Compress-17,Compress,17,planned_active_bug
Compress-18,Compress,18,planned_active_bug
Compress-19,Compress,19,planned_active_bug
Compress-20,Compress,20,planned_active_bug
Compress-21,Compress,21,planned_active_bug
Compress-22,Compress,22,planned_active_bug
Compress-23,Compress,23,planned_active_bug
Compress-24,Compress,24,planned_active_bug
Compress-25,Compress,25,planned_active_bug
Compress-26,Compress,26,planned_active_bug
Compress-27,Compress,27,planned_active_bug
Compress-28,Compress,28,planned_active_bug
Compress-29,Compress,29,planned_active_bug
Compress-30,Compress,30,planned_active_bug
Compress-31,Compress,31,planned_active_bug
Compress-32,Compress,32,planned_active_bug
Compress-33,Compress,33,planned_active_bug
Compress-34,Compress,34,planned_active_bug
Compress-35,Compress,35,planned_active_bug
Compress-36,Compress,36,planned_active_bug
Compress-37,Compress,37,planned_active_bug
Compress-38,Compress,38,planned_active_bug
Compress-39,Compress,39,planned_active_bug
Compress-40,Compress,40,planned_active_bug
Compress-41,Compress,41,planned_active_bug
Compress-42,Compress,42,planned_active_bug
Compress-43,Compress,43,planned_active_bug
Compress-44,Compress,44,planned_active_bug
Compress-45,Compress,45,planned_active_bug
Compress-46,Compress,46,planned_active_bug
Compress-47,Compress,47,planned_active_bug
Csv-1,Csv,1,planned_active_bug
Csv-2,Csv,2,planned_active_bug
Csv-3,Csv,3,planned_active_bug
Csv-4,Csv,4,planned_active_bug
Csv-5,Csv,5,planned_active_bug
Csv-6,Csv,6,planned_active_bug
Csv-7,Csv,7,planned_active_bug
Csv-8,Csv,8,planned_active_bug
Csv-9,Csv,9,planned_active_bug
Csv-10,Csv,10,planned_active_bug
Csv-11,Csv,11,planned_active_bug
Csv-12,Csv,12,planned_active_bug
Csv-13,Csv,13,planned_active_bug
Csv-14,Csv,14,planned_active_bug
Csv-15,Csv,15,planned_active_bug
Csv-16,Csv,16,planned_active_bug
Gson-1,Gson,1,planned_active_bug
Gson-2,Gson,2,planned_active_bug
Gson-3,Gson,3,planned_active_bug
Gson-4,Gson,4,planned_active_bug
Gson-5,Gson,5,planned_active_bug
Gson-6,Gson,6,planned_active_bug
Gson-7,Gson,7,planned_active_bug
Gson-8,Gson,8,planned_active_bug
Gson-9,Gson,9,planned_active_bug
Gson-10,Gson,10,planned_active_bug
Gson-11,Gson,11,planned_active_bug
Gson-12,Gson,12,planned_active_bug
Gson-13,Gson,13,planned_active_bug
Gson-14,Gson,14,planned_active_bug
Gson-15,Gson,15,planned_active_bug
Gson-16,Gson,16,planned_active_bug
Gson-17,Gson,17,planned_active_bug
Gson-18,Gson,18,planned_active_bug
JacksonCore-1,JacksonCore,1,planned_active_bug
JacksonCore-2,JacksonCore,2,planned_active_bug
JacksonCore-3,JacksonCore,3,planned_active_bug
JacksonCore-4,JacksonCore,4,planned_active_bug
JacksonCore-5,JacksonCore,5,planned_active_bug
JacksonCore-6,JacksonCore,6,planned_active_bug
JacksonCore-7,JacksonCore,7,planned_active_bug
JacksonCore-8,JacksonCore,8,planned_active_bug
JacksonCore-9,JacksonCore,9,planned_active_bug
JacksonCore-10,JacksonCore,10,planned_active_bug
JacksonCore-11,JacksonCore,11,planned_active_bug
JacksonCore-12,JacksonCore,12,planned_active_bug
JacksonCore-13,JacksonCore,13,planned_active_bug
JacksonCore-14,JacksonCore,14,planned_active_bug
JacksonCore-15,JacksonCore,15,planned_active_bug
JacksonCore-16,JacksonCore,16,planned_active_bug
JacksonCore-17,JacksonCore,17,planned_active_bug
JacksonCore-18,JacksonCore,18,planned_active_bug
JacksonCore-19,JacksonCore,19,planned_active_bug
JacksonCore-20,JacksonCore,20,planned_active_bug
JacksonCore-21,JacksonCore,21,planned_active_bug
JacksonCore-22,JacksonCore,22,planned_active_bug
JacksonCore-23,JacksonCore,23,planned_active_bug
JacksonCore-24,JacksonCore,24,planned_active_bug
JacksonCore-25,JacksonCore,25,planned_active_bug
JacksonCore-26,JacksonCore,26,planned_active_bug
JacksonDatabind-1,JacksonDatabind,1,planned_active_bug
JacksonDatabind-2,JacksonDatabind,2,planned_active_bug
JacksonDatabind-3,JacksonDatabind,3,planned_active_bug
JacksonDatabind-4,JacksonDatabind,4,planned_active_bug
JacksonDatabind-5,JacksonDatabind,5,planned_active_bug
JacksonDatabind-6,JacksonDatabind,6,planned_active_bug
JacksonDatabind-7,JacksonDatabind,7,planned_active_bug
JacksonDatabind-8,JacksonDatabind,8,planned_active_bug
JacksonDatabind-9,JacksonDatabind,9,planned_active_bug
JacksonDatabind-10,JacksonDatabind,10,planned_active_bug
JacksonDatabind-11,JacksonDatabind,11,planned_active_bug
JacksonDatabind-12,JacksonDatabind,12,planned_active_bug
JacksonDatabind-13,JacksonDatabind,13,planned_active_bug
JacksonDatabind-14,JacksonDatabind,14,planned_active_bug
JacksonDatabind-15,JacksonDatabind,15,planned_active_bug
JacksonDatabind-16,JacksonDatabind,16,planned_active_bug
JacksonDatabind-17,JacksonDatabind,17,planned_active_bug
JacksonDatabind-18,JacksonDatabind,18,planned_active_bug
JacksonDatabind-19,JacksonDatabind,19,planned_active_bug
JacksonDatabind-20,JacksonDatabind,20,planned_active_bug
JacksonDatabind-21,JacksonDatabind,21,planned_active_bug
JacksonDatabind-22,JacksonDatabind,22,planned_active_bug
JacksonDatabind-23,JacksonDatabind,23,planned_active_bug
JacksonDatabind-24,JacksonDatabind,24,planned_active_bug
JacksonDatabind-25,JacksonDatabind,25,planned_active_bug
JacksonDatabind-26,JacksonDatabind,26,planned_active_bug
JacksonDatabind-27,JacksonDatabind,27,planned_active_bug
JacksonDatabind-28,JacksonDatabind,28,planned_active_bug
JacksonDatabind-29,JacksonDatabind,29,planned_active_bug
JacksonDatabind-30,JacksonDatabind,30,planned_active_bug
JacksonDatabind-31,JacksonDatabind,31,planned_active_bug
JacksonDatabind-32,JacksonDatabind,32,planned_active_bug
JacksonDatabind-33,JacksonDatabind,33,planned_active_bug
JacksonDatabind-34,JacksonDatabind,34,planned_active_bug
JacksonDatabind-35,JacksonDatabind,35,planned_active_bug
JacksonDatabind-36,JacksonDatabind,36,planned_active_bug
JacksonDatabind-37,JacksonDatabind,37,planned_active_bug
JacksonDatabind-38,JacksonDatabind,38,planned_active_bug
JacksonDatabind-39,JacksonDatabind,39,planned_active_bug
JacksonDatabind-40,JacksonDatabind,40,planned_active_bug
JacksonDatabind-41,JacksonDatabind,41,planned_active_bug
JacksonDatabind-42,JacksonDatabind,42,planned_active_bug
JacksonDatabind-43,JacksonDatabind,43,planned_active_bug
JacksonDatabind-44,JacksonDatabind,44,planned_active_bug
JacksonDatabind-45,JacksonDatabind,45,planned_active_bug
JacksonDatabind-46,JacksonDatabind,46,planned_active_bug
JacksonDatabind-47,JacksonDatabind,47,planned_active_bug
JacksonDatabind-48,JacksonDatabind,48,planned_active_bug
JacksonDatabind-49,JacksonDatabind,49,planned_active_bug
JacksonDatabind-50,JacksonDatabind,50,planned_active_bug
JacksonDatabind-51,JacksonDatabind,51,planned_active_bug
JacksonDatabind-52,JacksonDatabind,52,planned_active_bug
JacksonDatabind-53,JacksonDatabind,53,planned_active_bug
JacksonDatabind-54,JacksonDatabind,54,planned_active_bug
JacksonDatabind-55,JacksonDatabind,55,planned_active_bug
JacksonDatabind-56,JacksonDatabind,56,planned_active_bug
JacksonDatabind-57,JacksonDatabind,57,planned_active_bug
JacksonDatabind-58,JacksonDatabind,58,planned_active_bug
JacksonDatabind-59,JacksonDatabind,59,planned_active_bug
JacksonDatabind-60,JacksonDatabind,60,planned_active_bug
JacksonDatabind-61,JacksonDatabind,61,planned_active_bug
JacksonDatabind-62,JacksonDatabind,62,planned_active_bug
JacksonDatabind-63,JacksonDatabind,63,planned_active_bug
JacksonDatabind-64,JacksonDatabind,64,planned_active_bug
JacksonDatabind-66,JacksonDatabind,66,planned_active_bug
JacksonDatabind-67,JacksonDatabind,67,planned_active_bug
JacksonDatabind-68,JacksonDatabind,68,planned_active_bug
JacksonDatabind-69,JacksonDatabind,69,planned_active_bug
JacksonDatabind-70,JacksonDatabind,70,planned_active_bug
JacksonDatabind-71,JacksonDatabind,71,planned_active_bug
JacksonDatabind-72,JacksonDatabind,72,planned_active_bug
JacksonDatabind-73,JacksonDatabind,73,planned_active_bug
JacksonDatabind-74,JacksonDatabind,74,planned_active_bug
JacksonDatabind-75,JacksonDatabind,75,planned_active_bug
JacksonDatabind-76,JacksonDatabind,76,planned_active_bug
JacksonDatabind-77,JacksonDatabind,77,planned_active_bug
JacksonDatabind-78,JacksonDatabind,78,planned_active_bug
JacksonDatabind-79,JacksonDatabind,79,planned_active_bug
JacksonDatabind-80,JacksonDatabind,80,planned_active_bug
JacksonDatabind-81,JacksonDatabind,81,planned_active_bug
JacksonDatabind-82,JacksonDatabind,82,planned_active_bug
JacksonDatabind-83,JacksonDatabind,83,planned_active_bug
JacksonDatabind-84,JacksonDatabind,84,planned_active_bug
JacksonDatabind-85,JacksonDatabind,85,planned_active_bug
JacksonDatabind-86,JacksonDatabind,86,planned_active_bug
JacksonDatabind-87,JacksonDatabind,87,planned_active_bug
JacksonDatabind-88,JacksonDatabind,88,planned_active_bug
JacksonDatabind-90,JacksonDatabind,90,planned_active_bug
JacksonDatabind-91,JacksonDatabind,91,planned_active_bug
JacksonDatabind-92,JacksonDatabind,92,planned_active_bug
JacksonDatabind-93,JacksonDatabind,93,planned_active_bug
JacksonDatabind-94,JacksonDatabind,94,planned_active_bug
JacksonDatabind-95,JacksonDatabind,95,planned_active_bug
JacksonDatabind-96,JacksonDatabind,96,planned_active_bug
JacksonDatabind-97,JacksonDatabind,97,planned_active_bug
JacksonDatabind-98,JacksonDatabind,98,planned_active_bug
JacksonDatabind-99,JacksonDatabind,99,planned_active_bug
JacksonDatabind-100,JacksonDatabind,100,planned_active_bug
JacksonDatabind-101,JacksonDatabind,101,planned_active_bug
JacksonDatabind-102,JacksonDatabind,102,planned_active_bug
JacksonDatabind-103,JacksonDatabind,103,planned_active_bug
JacksonDatabind-104,JacksonDatabind,104,planned_active_bug
JacksonDatabind-105,JacksonDatabind,105,planned_active_bug
JacksonDatabind-106,JacksonDatabind,106,planned_active_bug
JacksonDatabind-107,JacksonDatabind,107,planned_active_bug
JacksonDatabind-108,JacksonDatabind,108,planned_active_bug
JacksonDatabind-109,JacksonDatabind,109,planned_active_bug
JacksonDatabind-110,JacksonDatabind,110,planned_active_bug
JacksonDatabind-111,JacksonDatabind,111,planned_active_bug
JacksonDatabind-112,JacksonDatabind,112,planned_active_bug
JacksonXml-1,JacksonXml,1,planned_active_bug
JacksonXml-2,JacksonXml,2,planned_active_bug
JacksonXml-3,JacksonXml,3,planned_active_bug
JacksonXml-4,JacksonXml,4,planned_active_bug
JacksonXml-5,JacksonXml,5,planned_active_bug
JacksonXml-6,JacksonXml,6,planned_active_bug
Jsoup-1,Jsoup,1,planned_active_bug
Jsoup-2,Jsoup,2,planned_active_bug
Jsoup-3,Jsoup,3,planned_active_bug
Jsoup-4,Jsoup,4,planned_active_bug
Jsoup-5,Jsoup,5,planned_active_bug
Jsoup-6,Jsoup,6,planned_active_bug
Jsoup-7,Jsoup,7,planned_active_bug
Jsoup-8,Jsoup,8,planned_active_bug
Jsoup-9,Jsoup,9,planned_active_bug
Jsoup-10,Jsoup,10,planned_active_bug
Jsoup-11,Jsoup,11,planned_active_bug
Jsoup-12,Jsoup,12,planned_active_bug
Jsoup-13,Jsoup,13,planned_active_bug
Jsoup-14,Jsoup,14,planned_active_bug
Jsoup-15,Jsoup,15,planned_active_bug
Jsoup-16,Jsoup,16,planned_active_bug
Jsoup-17,Jsoup,17,planned_active_bug
Jsoup-18,Jsoup,18,planned_active_bug
Jsoup-19,Jsoup,19,planned_active_bug
Jsoup-20,Jsoup,20,planned_active_bug
Jsoup-21,Jsoup,21,planned_active_bug
Jsoup-22,Jsoup,22,planned_active_bug
Jsoup-23,Jsoup,23,planned_active_bug
Jsoup-24,Jsoup,24,planned_active_bug
Jsoup-25,Jsoup,25,planned_active_bug
Jsoup-26,Jsoup,26,planned_active_bug
Jsoup-27,Jsoup,27,planned_active_bug
Jsoup-28,Jsoup,28,planned_active_bug
Jsoup-29,Jsoup,29,planned_active_bug
Jsoup-30,Jsoup,30,planned_active_bug
Jsoup-31,Jsoup,31,planned_active_bug
Jsoup-32,Jsoup,32,planned_active_bug
Jsoup-33,Jsoup,33,planned_active_bug
Jsoup-34,Jsoup,34,planned_active_bug
Jsoup-35,Jsoup,35,planned_active_bug
Jsoup-36,Jsoup,36,planned_active_bug
Jsoup-37,Jsoup,37,planned_active_bug
Jsoup-38,Jsoup,38,planned_active_bug
Jsoup-39,Jsoup,39,planned_active_bug
Jsoup-40,Jsoup,40,planned_active_bug
Jsoup-41,Jsoup,41,planned_active_bug
Jsoup-42,Jsoup,42,planned_active_bug
Jsoup-43,Jsoup,43,planned_active_bug
Jsoup-44,Jsoup,44,planned_active_bug
Jsoup-45,Jsoup,45,planned_active_bug
Jsoup-46,Jsoup,46,planned_active_bug
Jsoup-47,Jsoup,47,planned_active_bug
Jsoup-48,Jsoup,48,planned_active_bug
Jsoup-49,Jsoup,49,planned_active_bug
Jsoup-50,Jsoup,50,planned_active_bug
Jsoup-51,Jsoup,51,planned_active_bug
Jsoup-52,Jsoup,52,planned_active_bug
Jsoup-53,Jsoup,53,planned_active_bug
Jsoup-54,Jsoup,54,planned_active_bug
Jsoup-55,Jsoup,55,planned_active_bug
Jsoup-56,Jsoup,56,planned_active_bug
Jsoup-57,Jsoup,57,planned_active_bug
Jsoup-58,Jsoup,58,planned_active_bug
Jsoup-59,Jsoup,59,planned_active_bug
Jsoup-60,Jsoup,60,planned_active_bug
Jsoup-61,Jsoup,61,planned_active_bug
Jsoup-62,Jsoup,62,planned_active_bug
Jsoup-63,Jsoup,63,planned_active_bug
Jsoup-64,Jsoup,64,planned_active_bug
Jsoup-65,Jsoup,65,planned_active_bug
Jsoup-66,Jsoup,66,planned_active_bug
Jsoup-67,Jsoup,67,planned_active_bug
Jsoup-68,Jsoup,68,planned_active_bug
Jsoup-69,Jsoup,69,planned_active_bug
Jsoup-70,Jsoup,70,planned_active_bug
Jsoup-71,Jsoup,71,planned_active_bug
Jsoup-72,Jsoup,72,planned_active_bug
Jsoup-73,Jsoup,73,planned_active_bug
Jsoup-74,Jsoup,74,planned_active_bug
Jsoup-75,Jsoup,75,planned_active_bug
Jsoup-76,Jsoup,76,planned_active_bug
Jsoup-77,Jsoup,77,planned_active_bug
Jsoup-78,Jsoup,78,planned_active_bug
Jsoup-79,Jsoup,79,planned_active_bug
Jsoup-80,Jsoup,80,planned_active_bug
Jsoup-81,Jsoup,81,planned_active_bug
Jsoup-82,Jsoup,82,planned_active_bug
Jsoup-83,Jsoup,83,planned_active_bug
Jsoup-84,Jsoup,84,planned_active_bug
Jsoup-85,Jsoup,85,planned_active_bug
Jsoup-86,Jsoup,86,planned_active_bug
Jsoup-87,Jsoup,87,planned_active_bug
Jsoup-88,Jsoup,88,planned_active_bug
Jsoup-89,Jsoup,89,planned_active_bug
Jsoup-90,Jsoup,90,planned_active_bug
Jsoup-91,Jsoup,91,planned_active_bug
Jsoup-92,Jsoup,92,planned_active_bug
Jsoup-93,Jsoup,93,planned_active_bug
JxPath-1,JxPath,1,planned_active_bug
JxPath-2,JxPath,2,planned_active_bug
JxPath-3,JxPath,3,planned_active_bug
JxPath-4,JxPath,4,planned_active_bug
JxPath-5,JxPath,5,planned_active_bug
JxPath-6,JxPath,6,planned_active_bug
JxPath-7,JxPath,7,planned_active_bug
JxPath-8,JxPath,8,planned_active_bug
JxPath-9,JxPath,9,planned_active_bug
JxPath-10,JxPath,10,planned_active_bug
JxPath-11,JxPath,11,planned_active_bug
JxPath-12,JxPath,12,planned_active_bug
JxPath-13,JxPath,13,planned_active_bug
JxPath-14,JxPath,14,planned_active_bug
JxPath-15,JxPath,15,planned_active_bug
JxPath-16,JxPath,16,planned_active_bug
JxPath-17,JxPath,17,planned_active_bug
JxPath-18,JxPath,18,planned_active_bug
JxPath-19,JxPath,19,planned_active_bug
JxPath-20,JxPath,20,planned_active_bug
JxPath-21,JxPath,21,planned_active_bug
JxPath-22,JxPath,22,planned_active_bug
Lang-1,Lang,1,planned_active_bug
Lang-3,Lang,3,planned_active_bug
Lang-4,Lang,4,planned_active_bug
Lang-5,Lang,5,planned_active_bug
Lang-6,Lang,6,planned_active_bug
Lang-7,Lang,7,planned_active_bug
Lang-8,Lang,8,planned_active_bug
Lang-9,Lang,9,planned_active_bug
Lang-10,Lang,10,planned_active_bug
Lang-11,Lang,11,planned_active_bug
Lang-12,Lang,12,planned_active_bug
Lang-13,Lang,13,planned_active_bug
Lang-14,Lang,14,planned_active_bug
Lang-15,Lang,15,planned_active_bug
Lang-16,Lang,16,planned_active_bug
Lang-17,Lang,17,planned_active_bug
Lang-19,Lang,19,planned_active_bug
Lang-20,Lang,20,planned_active_bug
Lang-21,Lang,21,planned_active_bug
Lang-22,Lang,22,planned_active_bug
Lang-23,Lang,23,planned_active_bug
Lang-24,Lang,24,planned_active_bug
Lang-26,Lang,26,planned_active_bug
Lang-27,Lang,27,planned_active_bug
Lang-28,Lang,28,planned_active_bug
Lang-29,Lang,29,planned_active_bug
Lang-30,Lang,30,planned_active_bug
Lang-31,Lang,31,planned_active_bug
Lang-32,Lang,32,planned_active_bug
Lang-33,Lang,33,planned_active_bug
Lang-34,Lang,34,planned_active_bug
Lang-35,Lang,35,planned_active_bug
Lang-36,Lang,36,planned_active_bug
Lang-37,Lang,37,planned_active_bug
Lang-38,Lang,38,planned_active_bug
Lang-39,Lang,39,planned_active_bug
Lang-40,Lang,40,planned_active_bug
Lang-41,Lang,41,planned_active_bug
Lang-42,Lang,42,planned_active_bug
Lang-43,Lang,43,planned_active_bug
Lang-44,Lang,44,planned_active_bug
Lang-45,Lang,45,planned_active_bug
Lang-46,Lang,46,planned_active_bug
Lang-47,Lang,47,planned_active_bug
Lang-49,Lang,49,planned_active_bug
Lang-50,Lang,50,planned_active_bug
Lang-51,Lang,51,planned_active_bug
Lang-52,Lang,52,planned_active_bug
Lang-53,Lang,53,planned_active_bug
Lang-54,Lang,54,planned_active_bug
Lang-55,Lang,55,planned_active_bug
Lang-56,Lang,56,planned_active_bug
Lang-57,Lang,57,planned_active_bug
Lang-58,Lang,58,planned_active_bug
Lang-59,Lang,59,planned_active_bug
Lang-60,Lang,60,planned_active_bug
Lang-61,Lang,61,planned_active_bug
Lang-62,Lang,62,planned_active_bug
Lang-63,Lang,63,planned_active_bug
Lang-64,Lang,64,planned_active_bug
Lang-65,Lang,65,planned_active_bug
Math-1,Math,1,planned_active_bug
Math-2,Math,2,planned_active_bug
Math-3,Math,3,planned_active_bug
Math-4,Math,4,planned_active_bug
Math-5,Math,5,planned_active_bug
Math-6,Math,6,planned_active_bug
Math-7,Math,7,planned_active_bug
Math-8,Math,8,planned_active_bug
Math-9,Math,9,planned_active_bug
Math-10,Math,10,planned_active_bug
Math-11,Math,11,planned_active_bug
Math-12,Math,12,planned_active_bug
Math-13,Math,13,planned_active_bug
Math-14,Math,14,planned_active_bug
Math-15,Math,15,planned_active_bug
Math-16,Math,16,planned_active_bug
Math-17,Math,17,planned_active_bug
Math-18,Math,18,planned_active_bug
Math-19,Math,19,planned_active_bug
Math-20,Math,20,planned_active_bug
Math-21,Math,21,planned_active_bug
Math-22,Math,22,planned_active_bug
Math-23,Math,23,planned_active_bug
Math-24,Math,24,planned_active_bug
Math-25,Math,25,planned_active_bug
Math-26,Math,26,planned_active_bug
Math-27,Math,27,planned_active_bug
Math-28,Math,28,planned_active_bug
Math-29,Math,29,planned_active_bug
Math-30,Math,30,planned_active_bug
Math-31,Math,31,planned_active_bug
Math-32,Math,32,planned_active_bug
Math-33,Math,33,planned_active_bug
Math-34,Math,34,planned_active_bug
Math-35,Math,35,planned_active_bug
Math-36,Math,36,planned_active_bug
Math-37,Math,37,planned_active_bug
Math-38,Math,38,planned_active_bug
Math-39,Math,39,planned_active_bug
Math-40,Math,40,planned_active_bug
Math-41,Math,41,planned_active_bug
Math-42,Math,42,planned_active_bug
Math-43,Math,43,planned_active_bug
Math-44,Math,44,planned_active_bug
Math-45,Math,45,planned_active_bug
Math-46,Math,46,planned_active_bug
Math-47,Math,47,planned_active_bug
Math-48,Math,48,planned_active_bug
Math-49,Math,49,planned_active_bug
Math-50,Math,50,planned_active_bug
Math-51,Math,51,planned_active_bug
Math-52,Math,52,planned_active_bug
Math-53,Math,53,planned_active_bug
Math-54,Math,54,planned_active_bug
Math-55,Math,55,planned_active_bug
Math-56,Math,56,planned_active_bug
Math-57,Math,57,planned_active_bug
Math-58,Math,58,planned_active_bug
Math-59,Math,59,planned_active_bug
Math-60,Math,60,planned_active_bug
Math-61,Math,61,planned_active_bug
Math-62,Math,62,planned_active_bug
Math-63,Math,63,planned_active_bug
Math-64,Math,64,planned_active_bug
Math-65,Math,65,planned_active_bug
Math-66,Math,66,planned_active_bug
Math-67,Math,67,planned_active_bug
Math-68,Math,68,planned_active_bug
Math-69,Math,69,planned_active_bug
Math-70,Math,70,planned_active_bug
Math-71,Math,71,planned_active_bug
Math-72,Math,72,planned_active_bug
Math-73,Math,73,planned_active_bug
Math-74,Math,74,planned_active_bug
Math-75,Math,75,planned_active_bug
Math-76,Math,76,planned_active_bug
Math-77,Math,77,planned_active_bug
Math-78,Math,78,planned_active_bug
Math-79,Math,79,planned_active_bug
Math-80,Math,80,planned_active_bug
Math-81,Math,81,planned_active_bug
Math-82,Math,82,planned_active_bug
Math-83,Math,83,planned_active_bug
Math-84,Math,84,planned_active_bug
Math-85,Math,85,planned_active_bug
Math-86,Math,86,planned_active_bug
Math-87,Math,87,planned_active_bug
Math-88,Math,88,planned_active_bug
Math-89,Math,89,planned_active_bug
Math-90,Math,90,planned_active_bug
Math-91,Math,91,planned_active_bug
Math-92,Math,92,planned_active_bug
Math-93,Math,93,planned_active_bug
Math-94,Math,94,planned_active_bug
Math-95,Math,95,planned_active_bug
Math-96,Math,96,planned_active_bug
Math-97,Math,97,planned_active_bug
Math-98,Math,98,planned_active_bug
Math-99,Math,99,planned_active_bug
Math-100,Math,100,planned_active_bug
Math-101,Math,101,planned_active_bug
Math-102,Math,102,planned_active_bug
Math-103,Math,103,planned_active_bug
Math-104,Math,104,planned_active_bug
Math-105,Math,105,planned_active_bug
Math-106,Math,106,planned_active_bug
Mockito-1,Mockito,1,planned_active_bug
Mockito-2,Mockito,2,planned_active_bug
Mockito-3,Mockito,3,planned_active_bug
Mockito-4,Mockito,4,planned_active_bug
Mockito-5,Mockito,5,planned_active_bug
Mockito-6,Mockito,6,planned_active_bug
Mockito-7,Mockito,7,planned_active_bug
Mockito-8,Mockito,8,planned_active_bug
Mockito-9,Mockito,9,planned_active_bug
Mockito-10,Mockito,10,planned_active_bug
Mockito-11,Mockito,11,planned_active_bug
Mockito-12,Mockito,12,planned_active_bug
Mockito-13,Mockito,13,planned_active_bug
Mockito-14,Mockito,14,planned_active_bug
Mockito-15,Mockito,15,planned_active_bug
Mockito-16,Mockito,16,planned_active_bug
Mockito-17,Mockito,17,planned_active_bug
Mockito-18,Mockito,18,planned_active_bug
Mockito-19,Mockito,19,planned_active_bug
Mockito-20,Mockito,20,planned_active_bug
Mockito-21,Mockito,21,planned_active_bug
Mockito-22,Mockito,22,planned_active_bug
Mockito-23,Mockito,23,planned_active_bug
Mockito-24,Mockito,24,planned_active_bug
Mockito-25,Mockito,25,planned_active_bug
Mockito-26,Mockito,26,planned_active_bug
Mockito-27,Mockito,27,planned_active_bug
Mockito-28,Mockito,28,planned_active_bug
Mockito-29,Mockito,29,planned_active_bug
Mockito-30,Mockito,30,planned_active_bug
Mockito-31,Mockito,31,planned_active_bug
Mockito-32,Mockito,32,planned_active_bug
Mockito-33,Mockito,33,planned_active_bug
Mockito-34,Mockito,34,planned_active_bug
Mockito-35,Mockito,35,planned_active_bug
Mockito-36,Mockito,36,planned_active_bug
Mockito-37,Mockito,37,planned_active_bug
Mockito-38,Mockito,38,planned_active_bug
Time-1,Time,1,planned_active_bug
Time-2,Time,2,planned_active_bug
Time-3,Time,3,planned_active_bug
Time-4,Time,4,planned_active_bug
Time-5,Time,5,planned_active_bug
Time-6,Time,6,planned_active_bug
Time-7,Time,7,planned_active_bug
Time-8,Time,8,planned_active_bug
Time-9,Time,9,planned_active_bug
Time-10,Time,10,planned_active_bug
Time-11,Time,11,planned_active_bug
Time-12,Time,12,planned_active_bug
Time-13,Time,13,planned_active_bug
Time-14,Time,14,planned_active_bug
Time-15,Time,15,planned_active_bug
Time-16,Time,16,planned_active_bug
Time-17,Time,17,planned_active_bug
Time-18,Time,18,planned_active_bug
Time-19,Time,19,planned_active_bug
Time-20,Time,20,planned_active_bug
Time-22,Time,22,planned_active_bug
Time-23,Time,23,planned_active_bug
Time-24,Time,24,planned_active_bug
Time-25,Time,25,planned_active_bug
Time-26,Time,26,planned_active_bug
Time-27,Time,27,planned_active_bug
