project,bug_id,owner,prompt_utf8_bytes,prompt_sha256,target_count,fixture_class_count
Math,1,champ,161982,25fd0c67f40cae3f9fe2f3d0ced2da83042059e199cc9057bd410ef7e621c7f3,85,752
Chart,1,champ,131850,16d426ed671b26ab71c381b76b3d6beb936b1c0f6964bcb77b9cfc63c6915541,56,657
Closure,176,beam,131832,a8424f47f51df4274e8ac74daa28d640fe515a8002842d991415c4da4a32c5fe,50,527
Lang,1,aom,95248,ba0a4796595939da78da3aef4c47006471a98422050d5dd146a62962c5598102,47,108
Time,1,champ,90437,f30c9c139876886b4fcd33b1a593b10e91d8238bcc36578e3b2411c6820add75,57,157
JxPath,1,beam,90328,b47de34d14aa1e9d2905eb08770e61928e58efa4aceb8ce8867d7b80d722c92e,84,162
Collections,1,aom,87676,cc4d8f3c8cadb4b69f3a7f9aa59eb34e1dbc3284a7d59d3b2f385f0387d143e4,22,274
Closure,1,aom,80317,10eb4f2daccf30c53bd2785bd40ad201164e9067df26a5bc8ec3e8c608be2ea9,14,396
JxPath,22,beam,65109,d8d778fb9772b04d1c03b2a9b4635dcb334146586e8abe4cb7dd8f1bbf5ee969,44,171
JacksonDatabind,1,aom,62784,bd293af35ea68440214054970e92e073b47ef5939c56573d2b1ff72bdf3834e5,37,332
JacksonXml,1,beam,56514,8441f031eacaee91e85228a183a2b8f66244de81707991f1bac9def0e1143d85,47,34
Codec,1,aom,53852,c16e382b27456b92120b45315bbc1a82c88805e7575a5275486292b5a6113f2a,18,25
JacksonCore,1,champ,53622,da6ad93ed499e15b9f65dbc55ed04dc354a9e82e6825d02bf1d87b2429ed9c11,44,69
JacksonDatabind,112,champ,50765,0701ab1c8ab72e667c029aa64467d07c1ab18d9341e1e9a720045b8de26432ce,12,402
Mockito,1,beam,33538,47e1c39b10ec2a8425c198f6f67427ec481b26e0c31bee3b208c1fba0c937494,15,326
Compress,1,champ,30443,b28288d1d003f7d9cc48e259ccf3ce03b4310bc34ed601760c97332de27aec22,19,56
Cli,1,aom,22906,ecf0d1d0c85d3ddfd2f083988c06e026f1ce4ca0991963c8cf43d1df046ec1bb,16,20
Jsoup,1,beam,13670,6d26448e1784fd5699ff2c563f3bfc8cd696d227622d8d68dc2496eb92bf1567,12,21
Gson,1,champ,13419,f91743680b00ddf79541cf710707d8b1a0bf6819918885275ff72359a94188b9,5,90
Csv,1,aom,11778,59378ff04edbc876c5837ade4774b2252d9861402eb24130770d4fb747d8a5b1,7,8
