case_id,input,leading_zeros,suffix_digits,buggy_outcome,fixed_outcome,different
1,0x0000000000000000000000010000000000000000,23,16,"{""status"": ""value"", ""type"": ""java.math.BigInteger"", ""value"": ""18446744073709551616""}","{""status"": ""value"", ""type"": ""java.math.BigInteger"", ""value"": ""18446744073709551616""}",False
2,0x01000000000,1,9,"{""status"": ""value"", ""type"": ""java.lang.Long"", ""value"": ""68719476736""}","{""status"": ""value"", ""type"": ""java.lang.Long"", ""value"": ""68719476736""}",False
3,0x0000000000000000000010000000000000,20,13,"{""status"": ""value"", ""type"": ""java.math.BigInteger"", ""value"": ""4503599627370496""}","{""status"": ""value"", ""type"": ""java.lang.Long"", ""value"": ""4503599627370496""}",True
4,0x0000000010000,8,4,"{""status"": ""value"", ""type"": ""java.lang.Long"", ""value"": ""65536""}","{""status"": ""value"", ""type"": ""java.lang.Integer"", ""value"": ""65536""}",True
5,0x0000000000000000001,18,0,"{""status"": ""value"", ""type"": ""java.math.BigInteger"", ""value"": ""1""}","{""status"": ""value"", ""type"": ""java.lang.Integer"", ""value"": ""1""}",True
6,0x000000000000001,14,0,"{""status"": ""value"", ""type"": ""java.lang.Long"", ""value"": ""1""}","{""status"": ""value"", ""type"": ""java.lang.Integer"", ""value"": ""1""}",True
7,0x00000001,7,0,"{""status"": ""value"", ""type"": ""java.lang.Integer"", ""value"": ""1""}","{""status"": ""value"", ""type"": ""java.lang.Integer"", ""value"": ""1""}",False
8,0x0000000100000000000000000,7,17,"{""status"": ""value"", ""type"": ""java.math.BigInteger"", ""value"": ""295147905179352825856""}","{""status"": ""value"", ""type"": ""java.math.BigInteger"", ""value"": ""295147905179352825856""}",False
9,0x00000000000000000000100000000000000000,20,17,"{""status"": ""value"", ""type"": ""java.math.BigInteger"", ""value"": ""295147905179352825856""}","{""status"": ""value"", ""type"": ""java.math.BigInteger"", ""value"": ""295147905179352825856""}",False
10,0x100000000,0,8,"{""status"": ""value"", ""type"": ""java.lang.Long"", ""value"": ""4294967296""}","{""status"": ""value"", ""type"": ""java.lang.Long"", ""value"": ""4294967296""}",False
11,0x01,1,0,"{""status"": ""value"", ""type"": ""java.lang.Integer"", ""value"": ""1""}","{""status"": ""value"", ""type"": ""java.lang.Integer"", ""value"": ""1""}",False
12,0x000000001000000000000,8,12,"{""status"": ""value"", ""type"": ""java.math.BigInteger"", ""value"": ""281474976710656""}","{""status"": ""value"", ""type"": ""java.lang.Long"", ""value"": ""281474976710656""}",True
13,0x000000000000000000000000010000000,25,7,"{""status"": ""value"", ""type"": ""java.math.BigInteger"", ""value"": ""268435456""}","{""status"": ""value"", ""type"": ""java.lang.Integer"", ""value"": ""268435456""}",True
14,0x00000000000000001,16,0,"{""status"": ""value"", ""type"": ""java.math.BigInteger"", ""value"": ""1""}","{""status"": ""value"", ""type"": ""java.lang.Integer"", ""value"": ""1""}",True
15,0x100000,0,5,"{""status"": ""value"", ""type"": ""java.lang.Integer"", ""value"": ""1048576""}","{""status"": ""value"", ""type"": ""java.lang.Integer"", ""value"": ""1048576""}",False
16,0x10000000000000,0,13,"{""status"": ""value"", ""type"": ""java.lang.Long"", ""value"": ""4503599627370496""}","{""status"": ""value"", ""type"": ""java.lang.Long"", ""value"": ""4503599627370496""}",False
17,0x10000000000000,0,13,"{""status"": ""value"", ""type"": ""java.lang.Long"", ""value"": ""4503599627370496""}","{""status"": ""value"", ""type"": ""java.lang.Long"", ""value"": ""4503599627370496""}",False
18,0x00000000000001,13,0,"{""status"": ""value"", ""type"": ""java.lang.Long"", ""value"": ""1""}","{""status"": ""value"", ""type"": ""java.lang.Integer"", ""value"": ""1""}",True
19,0x00000000100,8,2,"{""status"": ""value"", ""type"": ""java.lang.Long"", ""value"": ""256""}","{""status"": ""value"", ""type"": ""java.lang.Integer"", ""value"": ""256""}",True
20,0x000000001,8,0,"{""status"": ""value"", ""type"": ""java.lang.Long"", ""value"": ""1""}","{""status"": ""value"", ""type"": ""java.lang.Integer"", ""value"": ""1""}",True
21,0x00100000,2,5,"{""status"": ""value"", ""type"": ""java.lang.Integer"", ""value"": ""1048576""}","{""status"": ""value"", ""type"": ""java.lang.Integer"", ""value"": ""1048576""}",False
22,0x01,1,0,"{""status"": ""value"", ""type"": ""java.lang.Integer"", ""value"": ""1""}","{""status"": ""value"", ""type"": ""java.lang.Integer"", ""value"": ""1""}",False
23,0x000000000000000000100000000,18,8,"{""status"": ""value"", ""type"": ""java.math.BigInteger"", ""value"": ""4294967296""}","{""status"": ""value"", ""type"": ""java.lang.Long"", ""value"": ""4294967296""}",True
24,0x00000000001,10,0,"{""status"": ""value"", ""type"": ""java.lang.Long"", ""value"": ""1""}","{""status"": ""value"", ""type"": ""java.lang.Integer"", ""value"": ""1""}",True
25,0x100,0,2,"{""status"": ""value"", ""type"": ""java.lang.Integer"", ""value"": ""256""}","{""status"": ""value"", ""type"": ""java.lang.Integer"", ""value"": ""256""}",False
26,0x00000010000000,6,7,"{""status"": ""value"", ""type"": ""java.lang.Long"", ""value"": ""268435456""}","{""status"": ""value"", ""type"": ""java.lang.Integer"", ""value"": ""268435456""}",True
27,0x00000000000001,13,0,"{""status"": ""value"", ""type"": ""java.lang.Long"", ""value"": ""1""}","{""status"": ""value"", ""type"": ""java.lang.Integer"", ""value"": ""1""}",True
28,0x0000010,5,1,"{""status"": ""value"", ""type"": ""java.lang.Integer"", ""value"": ""16""}","{""status"": ""value"", ""type"": ""java.lang.Integer"", ""value"": ""16""}",False
29,0x000000010000,7,4,"{""status"": ""value"", ""type"": ""java.lang.Long"", ""value"": ""65536""}","{""status"": ""value"", ""type"": ""java.lang.Integer"", ""value"": ""65536""}",True
30,0x00000000000000000100000,17,5,"{""status"": ""value"", ""type"": ""java.math.BigInteger"", ""value"": ""1048576""}","{""status"": ""value"", ""type"": ""java.lang.Integer"", ""value"": ""1048576""}",True
