case_id,input,leading_zeros,suffix_digits,buggy_status,buggy_value,fixed_status,fixed_value,different
1,0x0000000000000000000000010000000000000000,23,16,value,java.math.BigInteger:18446744073709551616,value,java.math.BigInteger:18446744073709551616,False
2,0x01000000000,1,9,value,java.lang.Long:68719476736,value,java.lang.Long:68719476736,False
3,0x0000000000000000000010000000000000,20,13,value,java.math.BigInteger:4503599627370496,value,java.lang.Long:4503599627370496,True
4,0x0000000010000,8,4,value,java.lang.Long:65536,value,java.lang.Integer:65536,True
5,0x0000000000000000001,18,0,value,java.math.BigInteger:1,value,java.lang.Integer:1,True
6,0x000000000000001,14,0,value,java.lang.Long:1,value,java.lang.Integer:1,True
7,0x00000001,7,0,value,java.lang.Integer:1,value,java.lang.Integer:1,False
8,0x0000000100000000000000000,7,17,value,java.math.BigInteger:295147905179352825856,value,java.math.BigInteger:295147905179352825856,False
9,0x00000000000000000000100000000000000000,20,17,value,java.math.BigInteger:295147905179352825856,value,java.math.BigInteger:295147905179352825856,False
10,0x100000000,0,8,value,java.lang.Long:4294967296,value,java.lang.Long:4294967296,False
11,0x01,1,0,value,java.lang.Integer:1,value,java.lang.Integer:1,False
12,0x000000001000000000000,8,12,value,java.math.BigInteger:281474976710656,value,java.lang.Long:281474976710656,True
13,0x000000000000000000000000010000000,25,7,value,java.math.BigInteger:268435456,value,java.lang.Integer:268435456,True
14,0x00000000000000001,16,0,value,java.math.BigInteger:1,value,java.lang.Integer:1,True
15,0x100000,0,5,value,java.lang.Integer:1048576,value,java.lang.Integer:1048576,False
16,0x10000000000000,0,13,value,java.lang.Long:4503599627370496,value,java.lang.Long:4503599627370496,False
17,0x10000000000000,0,13,value,java.lang.Long:4503599627370496,value,java.lang.Long:4503599627370496,False
18,0x00000000000001,13,0,value,java.lang.Long:1,value,java.lang.Integer:1,True
19,0x00000000100,8,2,value,java.lang.Long:256,value,java.lang.Integer:256,True
20,0x000000001,8,0,value,java.lang.Long:1,value,java.lang.Integer:1,True
21,0x00100000,2,5,value,java.lang.Integer:1048576,value,java.lang.Integer:1048576,False
22,0x01,1,0,value,java.lang.Integer:1,value,java.lang.Integer:1,False
23,0x000000000000000000100000000,18,8,value,java.math.BigInteger:4294967296,value,java.lang.Long:4294967296,True
24,0x00000000001,10,0,value,java.lang.Long:1,value,java.lang.Integer:1,True
25,0x100,0,2,value,java.lang.Integer:256,value,java.lang.Integer:256,False
26,0x00000010000000,6,7,value,java.lang.Long:268435456,value,java.lang.Integer:268435456,True
27,0x00000000000001,13,0,value,java.lang.Long:1,value,java.lang.Integer:1,True
28,0x0000010,5,1,value,java.lang.Integer:16,value,java.lang.Integer:16,False
29,0x000000010000,7,4,value,java.lang.Long:65536,value,java.lang.Integer:65536,True
30,0x00000000000000000100000,17,5,value,java.math.BigInteger:1048576,value,java.lang.Integer:1048576,True
